<?xml version="1.0" encoding="UTF-8"?>
<project-private xmlns="http://www.netbeans.org/ns/project-private/1">
    <editor-bookmarks xmlns="http://www.netbeans.org/ns/editor-bookmarks/1"/>
    <open-files xmlns="http://www.netbeans.org/ns/projectui-open-files/1">
        <file>file:/G:/Pete/code/NetBeansProjects/Reversi_2.0_1/src/reversi_20/ValueArray.java</file>
        <file>file:/G:/Pete/code/NetBeansProjects/Reversi_2.0_1/src/reversi_20/TextBox.java</file>
        <file>file:/G:/Pete/code/NetBeansProjects/Reversi_2.0_1/src/reversi_20/SkyLab.java</file>
        <file>file:/G:/Pete/code/NetBeansProjects/Reversi_2.0_1/src/reversi_20/MainFrame.java</file>
        <file>file:/G:/Pete/code/NetBeansProjects/Reversi_2.0_1/src/reversi_20/GraphBox.java</file>
        <file>file:/G:/Pete/code/NetBeansProjects/Reversi_2.0_1/src/reversi_20/DBMachine.java</file>
        <file>file:/G:/Pete/code/NetBeansProjects/Reversi_2.0_1/src/reversi_20/Player.java</file>
    </open-files>
</project-private>
